token,VATP
<cls>,133.46908569335938
M,53.61945343017578
S,11.27106761932373
S,7.615117073059082
R,7.930183410644531
K,6.491084575653076
V,5.023184776306152
L,4.81868314743042
A,4.111578464508057
I,4.385528564453125
Q,3.9107255935668945
A,3.594792604446411
R,4.126020908355713
K,3.580291748046875
R,3.7682697772979736
R,3.6074962615966797
P,3.2021822929382324
K,3.3996975421905518
R,3.4860169887542725
E,2.7551772594451904
K,2.972038507461548
H,2.6494250297546387
P,2.214646339416504
K,2.5008907318115234
K,2.3964390754699707
P,2.1425018310546875
E,2.4306952953338623
P,1.7778903245925903
Q,2.0500693321228027
Q,2.309291124343872
K,2.4999797344207764
A,2.315948963165283
P,1.5889322757720947
L,2.0319225788116455
V,2.00823712348938
P,1.3330358266830444
P,1.1082847118377686
P,1.0900458097457886
P,1.0271883010864258
P,1.0095778703689575
P,1.058900237083435
P,1.0799516439437866
P,1.0704947710037231
P,1.0413588285446167
P,1.0123467445373535
P,1.0613504648208618
P,1.0342971086502075
P,1.0428398847579956
L,1.50418221950531
P,1.1691974401474
D,1.387736439704895
P,1.2555350065231323
T,1.6533957719802856
P,1.2213023900985718
P,1.1427870988845825
E,1.4147181510925293
P,1.2091346979141235
E,1.1688567399978638
E,1.3028687238693237
E,1.2973436117172241
I,1.2911744117736816
L,1.2642056941986084
G,1.1616634130477905
S,2.2388663291931152
D,1.340863823890686
D,1.5652031898498535
E,1.376779556274414
E,1.3567173480987549
Q,1.4429126977920532
E,1.5388480424880981
D,1.5630998611450195
P,1.6305267810821533
A,1.6921324729919434
D,1.7423739433288574
Y,2.772871732711792
C,2.134107828140259
K,2.0278666019439697
G,1.9592276811599731
G,1.89590585231781
Y,2.1485087871551514
H,1.7508465051651
P,2.3911354541778564
V,1.7944018840789795
K,1.4540820121765137
I,1.7003636360168457
G,4.050758361816406
D,1.6677429676055908
L,1.3906254768371582
F,2.2234134674072266
N,1.6452783346176147
G,1.625339150428772
R,1.7244402170181274
Y,2.09431791305542
H,1.7588995695114136
V,2.3168129920959473
I,1.9881231784820557
R,2.935072660446167
K,2.3614487648010254
L,2.1007802486419678
G,2.504554033279419
W,2.3851277828216553
G,3.438713550567627
H,2.2757480144500732
F,2.3063161373138428
S,2.2187790870666504
T,1.5458650588989258
V,12.272472381591797
W,2.4095981121063232
L,1.7052818536758423
C,1.6158539056777954
W,1.44069242477417
D,1.899432897567749
M,1.2051752805709839
Q,1.4462432861328125
G,1.7541805505752563
K,2.2150018215179443
R,1.1789904832839966
F,1.3668497800827026
V,1.3916224241256714
A,1.7140706777572632
M,4.37748908996582
K,1.5471664667129517
V,1.145246148109436
V,1.188151240348816
K,1.4568496942520142
S,1.4297715425491333
A,1.307215929031372
Q,1.298024296760559
H,1.3780657052993774
Y,2.910489082336426
T,1.1077513694763184
E,1.2149261236190796
T,1.1435149908065796
A,1.2327286005020142
L,1.067909598350525
D,1.3823227882385254
E,2.032600164413452
I,1.1303129196166992
K,1.007278561592102
L,0.9976240396499634
L,1.223143219947815
K,1.0988792181015015
C,0.9449285268783569
V,1.020612359046936
R,0.9425749182701111
E,0.8470265865325928
S,0.7590448260307312
D,0.8693809509277344
P,0.8346818089485168
S,0.941425621509552
D,0.9841918349266052
P,1.0363856554031372
N,0.9909006953239441
K,1.052355170249939
D,1.1105833053588867
M,1.294352650642395
V,0.9839030504226685
V,1.5544451475143433
Q,1.0771657228469849
L,1.2791032791137695
I,1.1137988567352295
D,1.2177318334579468
D,1.1188498735427856
F,1.2281306982040405
K,1.1050660610198975
I,0.8516599535942078
S,0.9808788895606995
G,1.2264771461486816
M,1.0583903789520264
N,1.0548590421676636
G,0.9796425104141235
I,1.1337428092956543
H,1.1933952569961548
V,0.9910086989402771
C,1.1897354125976562
M,1.2238359451293945
V,5.016574859619141
F,1.5970803499221802
E,1.2465832233428955
V,1.3074373006820679
L,1.5994621515274048
G,1.767250895500183
H,1.2322959899902344
H,1.1483136415481567
L,1.0238385200500488
L,1.0797951221466064
K,1.0500648021697998
W,1.0788580179214478
I,0.9312719702720642
I,0.9446961283683777
K,0.9537103772163391
S,0.8782097101211548
N,1.0194776058197021
Y,0.922201931476593
Q,0.8205732703208923
G,0.8486188650131226
L,0.782407283782959
P,0.9418060183525085
V,0.6660056710243225
R,0.8128922581672668
C,0.9799551963806152
V,1.0315961837768555
K,1.1015641689300537
S,0.819543719291687
I,1.065432071685791
I,1.211874008178711
R,0.9344562292098999
Q,1.0967862606048584
V,1.5905572175979614
L,0.8131630420684814
Q,0.8861000537872314
G,1.2293695211410522
L,2.79642653465271
D,0.9293994307518005
Y,0.828073263168335
L,2.72780442237854
H,1.039588212966919
S,0.913061797618866
K,0.9932149648666382
C,1.0652382373809814
K,3.6000070571899414
I,0.81749427318573
I,0.7845034003257751
H,0.7554827332496643
T,0.8707951903343201
D,1.2288527488708496
I,0.9394903779029846
K,1.008893370628357
P,0.7319741249084473
E,0.9254999160766602
N,0.9919039607048035
I,1.6899263858795166
L,0.8969071507453918
M,0.7586942315101624
C,0.9227830171585083
V,0.8500705361366272
D,1.0955249071121216
D,0.969266414642334
A,0.8864039778709412
Y,0.7644811868667603
V,0.6307460069656372
R,0.8030896782875061
R,0.7924303412437439
M,0.7275100946426392
A,0.5910013914108276
A,0.5537598729133606
E,0.5692819952964783
A,0.5314680337905884
T,0.665224552154541
E,0.6330010890960693
W,0.6726085543632507
Q,0.6242433190345764
K,0.6490856409072876
A,0.4548601508140564
G,0.5230318903923035
A,0.4906958043575287
P,0.48944035172462463
P,0.46662744879722595
P,0.42285585403442383
S,0.520928680896759
G,0.4203634560108185
S,0.6836621761322021
A,0.4129912555217743
V,0.39671897888183594
S,0.45510369539260864
T,0.41646674275398254
A,0.3734043836593628
P,0.3433217406272888
Q,0.42485931515693665
Q,0.44872966408729553
K,0.4682542681694031
P,0.35472026467323303
I,0.49119290709495544
G,0.43392011523246765
K,0.4494050443172455
I,0.48795032501220703
S,0.5629982948303223
K,0.669511079788208
N,0.858209490776062
K,0.6686450242996216
K,0.7230943441390991
K,1.459795594215393
K,1.590111255645752
L,0.4568977952003479
K,0.6341968774795532
K,0.9764692187309265
K,0.6076459288597107
Q,0.46415185928344727
K,0.5066210031509399
R,0.5155267715454102
Q,0.4230414927005768
A,0.4049731194972992
E,0.46673107147216797
L,0.4955900013446808
L,0.49517130851745605
E,0.39522096514701843
K,0.480021595954895
R,0.43346235156059265
L,0.444808691740036
Q,0.47282740473747253
E,0.373344361782074
I,0.44011834263801575
E,0.37335512042045593
E,0.35657256841659546
L,0.37134650349617004
E,0.4296523630619049
R,0.4439445436000824
E,0.36095595359802246
A,0.364851713180542
E,0.39755481481552124
R,0.4604223072528839
K,0.587482213973999
I,0.5352500677108765
I,0.5583218932151794
E,0.44233760237693787
E,0.43440908193588257
N,0.5033826231956482
I,0.493764728307724
T,0.4665423631668091
S,0.5012216567993164
A,0.4255269467830658
A,0.401399701833725
P,0.3748731315135956
S,0.42783230543136597
N,0.47656992077827454
D,0.3991715610027313
Q,0.4650874733924866
D,0.38969287276268005
G,0.365491658449173
E,0.32506993412971497
Y,0.4885597229003906
C,0.6787741780281067
P,0.30630022287368774
E,0.3406977951526642
V,0.3899213969707489
K,0.38856399059295654
L,0.33740708231925964
K,0.42253702878952026
T,0.3342673182487488
T,0.5400728583335876
G,0.3383881747722626
L,0.3460143506526947
E,0.31809207797050476
E,0.3281453847885132
A,0.3520320951938629
A,0.3121865391731262
E,0.29919320344924927
A,0.3289279043674469
E,0.2665693759918213
T,0.3505651354789734
A,0.320333331823349
K,0.3853551745414734
D,0.29204145073890686
N,0.45357441902160645
G,0.32823100686073303
E,0.3374345600605011
A,0.34517887234687805
E,0.335026353597641
D,0.29726436734199524
Q,0.36106348037719727
E,0.29345130920410156
E,0.2915814220905304
K,0.3403967618942261
E,0.28795427083969116
D,0.2826959192752838
A,0.36519530415534973
E,0.2771879732608795
K,0.3577023148536682
E,0.32671213150024414
N,0.4705726206302643
I,0.38565608859062195
E,0.2896167039871216
K,0.3444635570049286
D,0.2963542640209198
E,0.3131444752216339
D,0.3316909968852997
D,0.3109875023365021
V,0.3321371078491211
D,0.2823547124862671
Q,0.34239041805267334
E,0.2550530433654785
L,0.3626839816570282
A,0.3041743040084839
N,0.3055211901664734
I,0.28387579321861267
D,0.27750176191329956
P,0.27177342772483826
T,0.30643120408058167
W,0.24816502630710602
I,0.30142906308174133
E,0.2741747200489044
S,0.3410693109035492
P,0.2719270586967468
K,0.39325258135795593
T,0.3142108917236328
N,0.7085961699485779
G,0.30862781405448914
H,0.31118044257164
I,0.29231080412864685
E,0.2816474139690399
N,0.49360722303390503
G,0.3019893765449524
P,0.3174787163734436
F,0.3027561604976654
S,0.25928688049316406
L,0.28540048003196716
E,0.26217588782310486
Q,0.27732181549072266
Q,0.2889389991760254
L,0.32314565777778625
D,0.2772423326969147
D,0.30811506509780884
E,0.363192617893219
D,0.3987700939178467
D,0.41112199425697327
D,0.3719591200351715
E,0.35217177867889404
E,0.3406962454319
D,0.40681663155555725
C,0.6489648222923279
P,0.4038817882537842
N,0.39563533663749695
P,0.38185447454452515
E,0.3684854507446289
E,0.3479863107204437
Y,0.48657840490341187
N,0.3867202699184418
L,0.3683367669582367
D,0.3079130947589874
E,0.31096574664115906
P,0.33797937631607056
N,0.47096890211105347
A,0.40601086616516113
E,0.3559258282184601
S,0.3924275040626526
D,0.29854077100753784
Y,0.390145480632782
T,0.34207841753959656
Y,0.40007486939430237
S,0.3398008346557617
S,0.3529139459133148
S,0.3335532546043396
Y,0.3572632074356079
E,0.3320201337337494
Q,0.36993667483329773
F,0.4048207402229309
N,0.6175668835639954
G,0.29301539063453674
E,0.3876281678676605
L,0.29761505126953125
P,0.30639326572418213
N,0.6679461002349854
G,0.28803762793540955
R,0.32525214552879333
H,0.2761830985546112
K,0.38544878363609314
I,0.3303624391555786
P,0.3125930428504944
E,0.30692338943481445
S,0.3421415686607361
Q,0.27345624566078186
F,0.3393857181072235
P,0.2492946982383728
E,0.2960112690925598
F,0.2940313518047333
S,0.26992377638816833
T,0.26027432084083557
S,0.28673094511032104
L,0.2747969627380371
F,0.3029913306236267
S,0.2904627323150635
G,0.2358497679233551
S,0.2891513705253601
L,0.2576787769794464
E,0.26534774899482727
P,0.2591414153575897
V,0.3466435670852661
A,0.2719883620738983
C,0.6184126138687134
G,0.2436075061559677
S,0.3892250061035156
V,0.24718302488327026
L,0.262761652469635
S,0.2777845859527588
E,0.2897801399230957
G,0.2291383296251297
S,0.292681485414505
P,0.2345181703567505
L,0.27147653698921204
T,0.32223957777023315
E,0.28996971249580383
Q,0.286452978849411
E,0.30581018328666687
E,0.2683475911617279
S,0.2824772298336029
S,0.3220876455307007
P,0.23909878730773926
S,0.25399520993232727
H,0.3169562518596649
D,0.2882656455039978
R,0.32852616906166077
S,0.3386021554470062
R,0.33847758173942566
T,0.30095401406288147
V,0.25111740827560425
S,0.4773717522621155
A,0.2571960389614105
S,0.2632502019405365
S,0.30402249097824097
T,0.2872653603553772
G,0.27746057510375977
D,0.29679074883461
L,0.24590244889259338
P,0.2777484953403473
K,0.43871256709098816
A,0.2801733911037445
K,0.327926367521286
T,0.28578981757164
R,0.3179038166999817
A,0.287818968296051
A,0.3179573714733124
D,0.2514355480670929
L,0.26934507489204407
L,0.27911892533302307
V,0.2849067449569702
N,0.29492852091789246
P,0.23729883134365082
L,0.25017663836479187
D,0.28069353103637695
P,0.26079463958740234
R,0.28588244318962097
N,0.2981269061565399
A,0.3179399073123932
D,0.322363018989563
K,0.31312501430511475
I,0.24655039608478546
R,0.3201135993003845
V,0.2886000871658325
K,0.35569679737091064
I,0.4076954424381256
A,0.3647274374961853
D,0.6728069186210632
L,0.32587653398513794
G,0.45831212401390076
N,0.3701283633708954
A,0.320293664932251
C,0.3984387218952179
W,0.3221084773540497
V,0.3187122642993927
H,0.3699803650379181
K,0.4019790589809418
H,0.4249383807182312
F,0.4380379319190979
T,0.38961261510849
E,0.4030472934246063
D,0.3892033100128174
I,0.38844311237335205
Q,0.4262140393257141
T,0.6575643420219421
R,0.5061213374137878
Q,0.4426984488964081
Y,0.46597447991371155
R,0.52741539478302
S,0.5103845000267029
I,0.5019513964653015
E,0.5507619976997375
V,0.3728700876235962
L,0.42513105273246765
I,0.40968382358551025
G,0.423848956823349
A,0.4835071563720703
G,0.5069751143455505
Y,0.3708308935165405
S,0.361488401889801
T,0.3221375346183777
P,0.353946715593338
A,0.47631707787513733
D,0.5280505418777466
I,0.4594368040561676
W,0.430233895778656
S,0.310293972492218
T,0.4035551846027374
A,1.890926480293274
C,0.4757786989212036
M,0.4231942892074585
A,0.5121614933013916
F,0.4087772071361542
E,0.3364897668361664
L,0.3153195083141327
A,0.3266814649105072
T,0.29284346103668213
G,0.31490689516067505
D,0.2758459746837616
Y,0.2577488124370575
L,0.2698962688446045
F,0.36048102378845215
E,0.3238131105899811
P,0.2680343985557556
H,0.3074014484882355
S,0.3096545338630676
G,0.29382556676864624
E,0.3330683410167694
D,0.3090713918209076
Y,0.31568098068237305
S,0.30682143568992615
R,0.31766951084136963
D,0.27847251296043396
E,0.26717156171798706
D,0.3052535951137543
H,0.29012107849121094
I,0.23554611206054688
A,0.23258960247039795
H,0.25453072786331177
I,0.42466866970062256
I,0.2739437222480774
E,0.2786252796649933
L,0.24567370116710663
L,0.2628842890262604
G,0.2385745495557785
S,0.30011609196662903
I,0.29301801323890686
P,0.2625591456890106
R,0.2770390510559082
H,0.27187761664390564
F,0.2713664770126343
A,0.2484215945005417
L,0.2536833882331848
S,0.285353422164917
G,0.29831886291503906
K,0.27940595149993896
Y,0.26404860615730286
S,0.2613835334777832
R,0.3063441812992096
E,0.2761700451374054
F,0.2655305564403534
F,0.2659468650817871
N,0.49463024735450745
R,0.3218720257282257
R,0.31821751594543457
G,0.2931901514530182
E,0.2849770486354828
L,0.20220009982585907
R,0.27056872844696045
H,0.2681765854358673
I,0.22315366566181183
T,0.2287483513355255
K,0.22865355014801025
L,0.20998252928256989
K,0.2311258167028427
P,0.20270276069641113
W,0.21325106918811798
S,0.20375952124595642
L,0.2279863953590393
F,0.2895891070365906
D,0.2361152470111847
V,0.20466168224811554
L,0.2348448932170868
V,0.23429009318351746
E,0.2870970666408539
K,0.2542280852794647
Y,0.2198893129825592
G,0.3610408902168274
W,0.28203052282333374
P,0.28070294857025146
H,0.25323522090911865
E,0.2716102600097656
D,0.29240116477012634
A,0.2568265199661255
A,0.2668062150478363
Q,0.27263468503952026
F,0.28308039903640747
T,0.28281715512275696
D,0.3382464647293091
F,0.32903289794921875
L,0.7115742564201355
I,0.3003656268119812
P,0.3255956172943115
M,0.34900036454200745
L,0.2877729535102844
E,0.3006476163864136
M,0.2652861177921295
V,0.2663285732269287
P,0.2527857720851898
E,0.2995847165584564
K,0.3568357825279236
R,0.281858891248703
A,0.2757629156112671
S,0.2766263484954834
A,0.2139248102903366
G,0.26102903485298157
E,0.26747894287109375
C,0.3958047330379486
L,0.2446570098400116
R,0.33425506949424744
H,0.2552914321422577
P,0.2812707722187042
W,0.30368342995643616
L,0.39269766211509705
N,0.2595466077327728
S,0.32973504066467285
<eos>,0.962921142578125
